{"train_losses": [2.3591907366066223, 1.979445579704965, 1.8342331868068429, 1.7149874875499944, 1.6541207618774123, 1.6075412338706339, 1.529995569757595, 1.4802041790287965, 1.4541429129375774, 1.3907007745876434], "val_losses": [2.095132899284363, 1.9486201286315918, 1.7384983062744142, 1.664866304397583, 1.6416436314582825, 1.5610624432563782, 1.6000242471694945, 1.586812973022461, 1.4797202110290528, 1.494602870941162], "train_accs": [26.0975, 30.935, 34.455, 38.1375, 40.6475, 42.2925, 45.7375, 47.2875, 48.3025, 50.6875], "val_accs": [30.52, 33.4, 36.75, 40.3, 41.58, 43.8, 45.14, 43.26, 47.68, 48.03], "train_acc": 50.6875, "val_acc": 48.03, "test_acc": 48.19, "exp_name": "exp1_n_layer_hid_dim", "in_dim": 3072, "out_dim": 10, "hid_dim": 500, "act": "relu", "dropout": 0.2, "use_bn": true, "l2": 0.0001, "use_xavier": true, "optim": "RMSprop", "lr": 0.0015, "train_batch_size": 256, "n_layer": 2}