{"train_losses": [24.628777377924344, 21.56304443262185, 19.322471855552333, 20.720495624906697, 15.57177261789893, 20.52126896001731, 19.46701858301831, 18.605361780543237, 17.351930272047685, 19.49809357466971], "val_losses": [29.080381774902342, 22.84132537841797, 28.057685470581056, 19.881807327270508, 20.00074462890625, 23.47208766937256, 28.13451805114746, 21.561278533935546, 30.48021583557129, 22.61915111541748], "train_accs": [24.0725, 26.0375, 26.0775, 27.8, 27.765, 26.4975, 26.5725, 27.365, 27.8225, 28.05], "val_accs": [24.03, 23.08, 23.39, 27.3, 25.36, 27.49, 26.63, 25.94, 23.82, 24.95], "train_acc": 28.05, "val_acc": 24.95, "test_acc": 24.96, "exp_name": "exp1_n_layer_hid_dim", "in_dim": 3072, "out_dim": 10, "hid_dim": 500, "act": "relu", "dropout": 0.2, "use_bn": true, "l2": 0.0001, "use_xavier": true, "optim": "RMSprop", "lr": 0.0015, "train_batch_size": 256, "n_layer": 1}