{"train_losses": [2.119003320955167, 1.894366487575944, 1.7853121749914376, 1.7102434278293779, 1.6560828123882319, 1.604192346524281, 1.5489951842909406, 1.4736445079183882, 1.4184405530334279, 1.3808292051789108], "val_losses": [1.9435637235641479, 2.185469591617584, 1.9675987243652344, 1.6729769229888916, 1.6340562224388122, 1.6192475438117981, 1.5248682379722596, 1.5205376267433166, 1.531036126613617, 1.553764772415161], "train_accs": [27.0275, 32.4925, 35.2, 37.92, 40.3175, 42.27, 44.5725, 47.3825, 49.4375, 50.8725], "val_accs": [30.07, 34.8, 36.75, 38.57, 41.03, 42.54, 46.06, 45.09, 47.34, 46.91], "train_acc": 50.8725, "val_acc": 46.91, "test_acc": 47.41, "exp_name": "exp1_n_layer_hid_dim", "in_dim": 3072, "out_dim": 10, "hid_dim": 300, "act": "relu", "dropout": 0.2, "use_bn": true, "l2": 0.0001, "use_xavier": true, "optim": "RMSprop", "lr": 0.0015, "train_batch_size": 256, "n_layer": 2}