{"train_losses": [16.012424074160826, 15.479913699399134, 10.897941965965709, 11.40110267347591, 9.786370365482986, 12.244031286543342, 9.614865749504915, 10.037556138008263, 10.225158430208825, 10.953121604433484], "val_losses": [19.914564323425292, 14.926395225524903, 14.528264236450195, 12.514552688598632, 13.094001388549804, 13.347715377807617, 12.072406768798828, 13.234279537200928, 15.007707881927491, 13.289324283599854], "train_accs": [22.5275, 25.65, 26.1525, 25.72, 26.6, 25.735, 27.445, 27.0125, 27.535, 26.2375], "val_accs": [24.24, 23.65, 24.27, 28.25, 22.78, 26.38, 25.73, 26.61, 23.14, 26.03], "train_acc": 26.2375, "val_acc": 26.03, "test_acc": 26.18, "exp_name": "exp1_n_layer_hid_dim", "in_dim": 3072, "out_dim": 10, "hid_dim": 300, "act": "relu", "dropout": 0.2, "use_bn": true, "l2": 0.0001, "use_xavier": true, "optim": "RMSprop", "lr": 0.0015, "train_batch_size": 256, "n_layer": 1}