{"train_losses": [1.2997802985701592, 0.9240836839007723, 0.7232312062743363, 0.563626068412878, 0.41448615330040073, 0.29430661772846417, 0.20151626669867023, 0.1677651048940458, 0.14165746987720204, 0.11213368912980815], "val_losses": [1.060236883163452, 0.9367035269737244, 0.9375207960605622, 0.8753696203231811, 0.9759908139705658, 1.0071433067321778, 1.1208648264408112, 1.0503636002540588, 1.170494908094406, 1.4021066069602965], "train_accs": [53.0525, 67.15, 74.715, 80.2625, 85.785, 89.895, 93.235, 94.17, 95.1525, 96.185], "val_accs": [61.52, 66.59, 67.16, 70.0, 68.93, 70.43, 70.24, 71.74, 69.95, 69.19], "train_acc": 96.185, "val_acc": 69.19, "test_acc": 69.32, "exp_name": "exp1_lr_model_code", "model_code": "VGG11", "in_channels": 3, "out_dim": 10, "act": "relu", "l2": 1e-05, "use_bn": true, "optim": "RMSprop", "lr": 1e-05, "train_batch_size": 256}