{"train_losses": [1.321078337301874, 0.9242909398807841, 0.7127422492974883, 0.550302208229235, 0.4212642777117954, 0.28671029105687595, 0.20646293114894515, 0.1701051385919, 0.12184948732803581, 0.10741375408070103], "val_losses": [1.0870610058307648, 0.8894700169563293, 0.8757648229598999, 0.8706977307796478, 0.8784665882587432, 0.8825871288776398, 1.0490491271018982, 1.0355375349521636, 1.0829160273075105, 1.2253076314926148], "train_accs": [52.0675, 66.93, 74.9075, 80.8925, 85.4675, 90.3, 92.9, 94.2, 95.8325, 96.15], "val_accs": [60.55, 67.51, 69.14, 70.61, 71.52, 72.76, 71.41, 72.26, 73.75, 72.62], "train_acc": 96.15, "val_acc": 72.62, "test_acc": 71.78, "exp_name": "exp1_lr_model_code", "model_code": "VGG13", "in_channels": 3, "out_dim": 10, "act": "relu", "l2": 1e-05, "use_bn": true, "optim": "RMSprop", "lr": 1e-05, "train_batch_size": 256}