{"train_losses": [2.173379715081233, 1.9036164215415905, 1.7717312460492372, 1.7110553197799974, 1.6481452884188124, 1.582795519737681, 1.5133146700585725, 1.456429301553471, 1.407920747046258, 1.3798350118527747], "val_losses": [1.944111692905426, 1.7909895062446595, 1.7229544878005982, 1.6588958978652955, 1.5890988826751709, 1.5521485090255738, 1.5047412753105163, 1.6024428606033325, 1.5061516046524048, 1.4467890024185182], "train_accs": [25.9275, 31.83, 35.43, 38.115, 40.0625, 43.13, 45.7025, 47.62, 49.6025, 50.905], "val_accs": [31.36, 34.97, 37.35, 40.25, 42.58, 45.23, 45.95, 46.12, 47.39, 48.01], "train_acc": 50.905, "val_acc": 48.01, "test_acc": 48.4, "exp_name": "exp1_n_layer_hid_dim", "in_dim": 3072, "out_dim": 10, "hid_dim": 300, "act": "relu", "dropout": 0.2, "use_bn": true, "l2": 0.0001, "use_xavier": true, "optim": "RMSprop", "lr": 0.0015, "train_batch_size": 256, "n_layer": 3}