{"train_losses": [2.495247137774328, 2.108990174190254, 1.8436765625218676, 1.73352055488878, 1.6548491799907319, 1.6039936626033418, 1.5447086095809937, 1.4724646077793875, 1.4319097061825405, 1.4074830439440005], "val_losses": [2.1408172130584715, 1.8592313051223754, 1.7976497769355775, 1.6688469529151917, 1.647419512271881, 1.616832160949707, 1.566951084136963, 1.4798342823982238, 1.5323420286178588, 1.5113458395004273], "train_accs": [22.8625, 28.22, 33.365, 37.16, 40.1725, 42.045, 44.41, 47.0825, 49.3, 49.945], "val_accs": [30.06, 31.89, 34.9, 39.02, 41.47, 42.88, 44.17, 47.16, 45.16, 47.64], "train_acc": 49.945, "val_acc": 47.64, "test_acc": 47.12, "exp_name": "exp1_n_layer_hid_dim", "in_dim": 3072, "out_dim": 10, "hid_dim": 500, "act": "relu", "dropout": 0.2, "use_bn": true, "l2": 0.0001, "use_xavier": true, "optim": "RMSprop", "lr": 0.0015, "train_batch_size": 256, "n_layer": 3}