{"train_losses": [1.633287543703796, 1.3329221048172872, 1.1345742834601433, 0.9551713345157113, 0.8550572015677288, 0.7551600135815372, 0.6612105635321064, 0.5857273226330995, 0.5323582610506921, 0.4677901467320266], "val_losses": [1.5859236359596252, 1.285125184059143, 1.064617896080017, 1.2490896463394165, 0.946460896730423, 0.9322774231433868, 0.7576786339282989, 0.7262601256370544, 0.7337624371051789, 0.7130509197711945], "train_accs": [35.8675, 49.755, 58.12, 65.27, 69.2, 73.065, 76.8025, 79.4575, 81.45, 83.8625], "val_accs": [43.7, 52.8, 61.25, 57.43, 65.45, 67.29, 73.54, 74.47, 74.76, 77.04], "train_acc": 83.8625, "val_acc": 77.04, "test_acc": 76.6, "exp_name": "exp1_lr_model_code", "model_code": "VGG13", "in_channels": 3, "out_dim": 10, "act": "relu", "l2": 1e-05, "use_bn": true, "optim": "RMSprop", "lr": 0.0001, "train_batch_size": 256}