{"train_losses": [1.560992455786201, 1.2603927000313049, 1.0777264632237185, 0.9088828590265505, 0.8015136809865381, 0.7173898508594294, 0.6349300436533181, 0.5535330411734855, 0.5005827851735862, 0.4450042551490152], "val_losses": [1.5566056966781616, 1.2102624893188476, 1.0756453633308412, 0.9548781275749206, 0.9448018014431, 0.8668582260608673, 0.7774397552013397, 0.7483233749866486, 0.7416155099868774, 0.753682804107666], "train_accs": [39.2375, 52.885, 60.75, 67.28, 71.425, 74.815, 78.015, 80.8925, 82.71, 84.825], "val_accs": [44.82, 55.95, 61.55, 65.54, 67.35, 69.78, 73.45, 74.07, 74.09, 75.53], "train_acc": 84.825, "val_acc": 75.53, "test_acc": 75.95, "exp_name": "exp1_lr_model_code", "model_code": "VGG11", "in_channels": 3, "out_dim": 10, "act": "relu", "l2": 1e-05, "use_bn": true, "optim": "RMSprop", "lr": 0.0001, "train_batch_size": 256}